[
    {
        "bill_id": "HD001",
        "customer_id": "M02",
        "customer_name": "Thanh Thản",
        "room_id": "103",
        "room_type": "đôi",
        "date_checkin": "2025-03-27 14:50:00",
        "date_checkout": "2025-03-28 10:44:06",
        "stay_duration": "1 ngày",
        "rent_price": 400000.0,
        "price": 400000.0,
        "extra_fee": 0.0,
        "total_price": 400000.0,
        "payment_method": "Tiền mặt"
    },
    {
        "bill_id": "HD002",
        "customer_id": "M05",
        "customer_name": "Kiêu Sa",
        "room_id": "202",
        "room_type": "đôi",
        "date_checkin": "2025-03-27 10:10:00",
        "date_checkout": "2025-03-28 10:44:44",
        "stay_duration": "1 ngày",
        "rent_price": 400000.0,
        "price": 400000.0,
        "extra_fee": 120000.0,
        "total_price": 520000.0,
        "payment_method": "Chuyển khoản"
    },
    {
        "bill_id": "HD003",
        "customer_id": "M01",
        "customer_name": "Phương Vy",
        "room_id": "101",
        "room_type": "VIP",
        "date_checkin": "2025-03-28 04:00:00",
        "date_checkout": "2025-03-28 11:00:01",
        "stay_duration": "7 giờ",
        "rent_price": 300000.0,
        "price": 2100083.33,
        "extra_fee": 0.0,
        "total_price": 2100083.33,
        "payment_method": "Thẻ tín dụng"
    }
]